<?xml version="1.0" encoding="UTF-8"?>
<!DOCTYPE suite SYSTEM "https://testng.org/testng-1.0.dtd">
<suite name="Suite">

	<test thread-count="3" name="Test search in Edge">
		<parameter name="os" value="Windows" />
		<parameter name="browser" value="edge" />
		<classes>
			<class name="testrunner.TestRunner" />
		</classes>
	</test>
	<!--
	<test thread-count="3" name="Test search in Chrome">
		<parameter name="os" value="Windows" />
		<parameter name="browser" value="chrome" />
		<classes>
			<class name="testrunner.TestRunner" />
		</classes>
	</test>
	-->
</suite> 


